{"datetime": "2022-03-02", "training_dataset_shape": [24863, 39], "test_dataset_shape": [23801, 39], "attributes": ["10", "15", "17", "22", "24", "29", "31", "32", "33", "34", "36", "37", "38", "45", "46", "47", "48", "59", "60", "61", "62", "63", "64", "75", "76", "77", "78", "79", "80", "81", "82", "83", "84", "87", "88", "89", "90", "91", "92"], "number_of_attributes": 35, "accuracy_train": 0.9779994487762451, "accuracy_test": 0.9601277112960815}