{"datetime": "2022-02-05", "training_dataset_shape": [24863, 15], "test_dataset_shape": [23801, 15], "attributes": ["83", "82", "79", "22", "90", "84", "88", "15", "60", "17", "29", "80", "89", "87", "81"], "number_of_attributes": 15, "accuracy_train": 0.9762056052684784, "accuracy_test": 0.9546258538961411}