{"datetime": "2022-02-05", "training_dataset_shape": [24863, 4], "test_dataset_shape": [23801, 4], "attributes": ["83", "82", "79", "22"], "number_of_attributes": 4, "accuracy_train": 0.9559928387403488, "accuracy_test": 0.9299105107784271}