{"datetime": "2022-01-10", "training_dataset_shape": [24863, 13], "test_dataset_shape": [23801, 13], "attributes": ["60", "59", "82", "46", "17", "84", "79", "10", "90", "15", "24", "92", "91"], "number_of_attributes": 13, "accuracy_train": 0.961227536201477, "accuracy_test": 0.9505482912063599}