{"datetime": "2022-02-05", "training_dataset_shape": [24863, 2], "test_dataset_shape": [23801, 2], "attributes": ["83", "82"], "number_of_attributes": 2, "accuracy_train": 0.947317299246788, "accuracy_test": 0.9232343196868896}