{"datetime": "2022-01-10", "training_dataset_shape": [24863, 7], "test_dataset_shape": [23801, 7], "attributes": ["60", "59", "82", "46", "17", "84", "79"], "number_of_attributes": 7, "accuracy_train": 0.9424847960472107, "accuracy_test": 0.9179025888442993}