{"datetime": "2022-01-10", "training_dataset_shape": [24863, 4], "test_dataset_shape": [23801, 4], "attributes": ["60", "59", "82", "46"], "number_of_attributes": 4, "accuracy_train": 0.9420825839042664, "accuracy_test": 0.9171463251113892}