{"datetime": "2022-01-10", "training_dataset_shape": [24863, 4], "test_dataset_shape": [23801, 4], "attributes": ["60", "59", "90", "15"], "number_of_attributes": 4, "accuracy_train": 0.9358886480331421, "accuracy_test": 0.9287424683570862}