{"datetime": "2022-01-10", "training_dataset_shape": [24863, 16], "test_dataset_shape": [23801, 16], "attributes": ["60", "59", "82", "46", "17", "84", "79", "10", "90", "15", "24", "92", "91", "83", "ClientPort", "48"], "number_of_attributes": 16, "accuracy_train": 0.9734143018722534, "accuracy_test": 0.9560102224349976}