{"datetime": "2022-01-10", "training_dataset_shape": [24863, 17], "test_dataset_shape": [23801, 17], "attributes": ["60", "59", "82", "46", "17", "84", "79", "10", "90", "15", "24", "92", "91", "83", "ClientPort", "48", "37"], "number_of_attributes": 17, "accuracy_train": 0.975867748260498, "accuracy_test": 0.957354724407196}