{"datetime": "2022-01-10", "training_dataset_shape": [24863, 11], "test_dataset_shape": [23801, 11], "attributes": ["60", "59", "82", "46", "17", "84", "79", "10", "90", "15", "24"], "number_of_attributes": 11, "accuracy_train": 0.9616297483444214, "accuracy_test": 0.9531532526016235}