{"datetime": "2022-02-05", "training_dataset_shape": [24863, 7], "test_dataset_shape": [23801, 7], "attributes": ["83", "82", "79", "22", "90", "84", "88"], "number_of_attributes": 7, "accuracy_train": 0.964865455031395, "accuracy_test": 0.9479244530200959}