{"datetime": "2022-02-05", "training_dataset_shape": [24863, 19], "test_dataset_shape": [23801, 19], "attributes": ["83", "82", "79", "22", "90", "84", "88", "15", "60", "17", "29", "80", "89", "87", "81", "59", "45", "47", "10"], "number_of_attributes": 19, "accuracy_train": 0.9764167636632919, "accuracy_test": 0.9566698879003525}