{"datetime": "2022-02-05", "training_dataset_shape": [24863, 11], "test_dataset_shape": [23801, 11], "attributes": ["83", "82", "79", "22", "90", "84", "88", "15", "60", "17", "29"], "number_of_attributes": 11, "accuracy_train": 0.9699734538793564, "accuracy_test": 0.9526091337203979}